year,ownership_rate_25_29_pct,ownership_rate_30_34_pct,ownership_rate_35_39_pct,ownership_rate_40_44_pct,ownership_rate_lt25_pct,median_weekly_earnings_20_24,median_weekly_earnings_25_34,mortgage_rate_30yr_pct,homeownership_rate_us_pct,median_sales_price_usd,case_shiller_home_price_index,cpi_all_urban,housing_starts_thousands,annual_earnings_20_24,annual_earnings_25_34,annual_earnings_20_24_real2025,annual_earnings_25_34_real2025,national_zhvi,price_to_income_25_34,years_to_down_payment_25_34,monthly_payment_usd,payment_to_income_pct_25_34
2000,38.06,54.63,64.97,70.61,21.7,382.25,549.25,8.053,67.375,167550.0,104.777,172.192,1573.333,19877.0,28561.0,37166.0,53403.0,132244.0,4.63,6.2,780.0,32.8
2001,38.94,54.84,65.54,70.75,22.54,394.75,576.0,6.968,67.825,173100.0,113.186,177.042,1601.167,20527.0,29952.0,37330.0,54470.0,141717.0,4.73,6.3,752.0,30.1
2002,38.8,54.86,65.17,71.74,22.9,399.5,590.5,6.537,67.925,186025.0,122.288,179.867,1710.25,20774.0,30706.0,37185.0,54964.0,151884.0,4.95,6.6,771.0,30.1
2003,39.84,56.51,65.12,71.3,22.81,402.0,594.25,5.827,68.25,192125.0,133.741,184.0,1853.75,20904.0,30901.0,36578.0,54070.0,163949.0,5.31,7.1,772.0,30.0
2004,40.21,57.44,66.15,71.93,25.18,405.75,603.75,5.839,69.0,218150.0,150.464,188.908,1949.5,21099.0,31395.0,35960.0,53508.0,181694.0,5.79,7.7,856.0,32.7
2005,40.92,56.81,66.6,71.68,25.73,410.5,610.0,5.867,68.875,236550.0,171.781,195.267,2072.917,21346.0,31720.0,35196.0,52301.0,203070.0,6.4,8.5,960.0,36.3
2006,41.76,55.94,66.42,71.18,24.76,424.5,622.0,6.413,68.775,243750.0,183.481,201.558,1811.917,22074.0,32344.0,35260.0,51665.0,213335.0,6.6,8.8,1069.0,39.7
2007,40.56,54.44,65.04,70.42,24.78,450.25,643.0,6.337,68.15,244950.0,179.941,207.344,1341.833,23413.0,33436.0,36356.0,51919.0,208660.0,6.24,8.3,1037.0,37.2
2008,40.04,53.49,64.56,69.39,23.63,467.25,665.25,6.027,67.825,229550.0,164.058,215.254,900.0,24297.0,34593.0,36342.0,51742.0,189195.0,5.47,7.3,910.0,31.6
2009,37.69,52.48,63.45,68.73,23.32,464.5,678.25,5.037,67.375,215650.0,148.551,214.565,554.0,24154.0,35269.0,36244.0,52922.0,176011.0,4.99,6.7,759.0,25.8
2010,36.8,51.6,61.93,67.88,22.85,454.5,682.25,4.69,66.85,222700.0,144.661,218.076,585.5,23634.0,35477.0,34893.0,52377.0,170446.0,4.8,6.4,706.0,23.9
2011,34.58,49.79,59.76,66.87,22.59,456.25,691.75,4.448,66.15,224900.0,139.234,224.923,611.917,23725.0,35971.0,33961.0,51490.0,162085.0,4.51,6.0,653.0,21.8
2012,34.26,47.85,56.92,65.49,21.71,463.25,706.5,3.657,65.45,244400.0,140.977,229.586,783.75,24089.0,36738.0,33781.0,51520.0,167210.0,4.55,6.1,612.0,20.0
2013,34.1,48.1,55.8,65.01,22.22,471.25,708.25,3.976,65.125,266225.0,154.511,232.952,928.167,24505.0,36829.0,33868.0,50901.0,180738.0,4.91,6.5,688.0,22.4
2014,32.74,47.09,56.01,63.22,21.75,490.0,725.25,4.169,64.475,285775.0,164.666,236.715,1000.25,25480.0,37713.0,34656.0,51294.0,189995.0,5.04,6.7,741.0,23.6
2015,31.7,45.93,55.27,61.58,21.81,500.75,734.75,3.851,63.65,294150.0,172.146,237.002,1106.75,26039.0,38207.0,35373.0,51903.0,201977.0,5.29,7.0,758.0,23.8
2016,30.87,45.44,55.29,61.95,21.89,514.25,751.5,3.654,63.4,305125.0,180.889,240.005,1177.083,26741.0,39078.0,35873.0,52422.0,213107.0,5.45,7.3,780.0,24.0
2017,32.06,45.71,56.38,61.83,22.56,540.25,773.5,3.99,63.85,322425.0,191.355,245.121,1204.667,28093.0,40222.0,36900.0,52831.0,226779.0,5.64,7.5,865.0,25.8
2018,32.52,47.68,57.56,62.86,22.73,572.5,806.75,4.545,64.425,325275.0,202.426,251.1,1246.833,29770.0,41951.0,38171.0,53790.0,240008.0,5.72,7.6,978.0,28.0
2019,32.85,47.96,57.2,63.25,23.21,598.25,846.5,3.936,64.55,320250.0,209.399,255.653,1291.5,31109.0,44018.0,39178.0,55435.0,251639.0,5.72,7.6,954.0,26.0
2020,35.27,49.12,60.03,65.53,25.71,626.75,904.0,3.112,66.6,328150.0,222.06,258.856,1394.333,32591.0,47008.0,40536.0,58468.0,275526.0,5.86,7.8,943.0,24.1
2021,34.61,48.43,58.54,64.57,24.29,644.5,931.0,2.958,65.475,383000.0,259.96,270.973,1603.333,33514.0,48412.0,39820.0,57522.0,319272.0,6.59,8.8,1071.0,26.5
2022,35.56,48.83,59.25,65.21,25.42,707.5,992.5,5.344,65.775,432950.0,298.316,292.626,1550.25,36790.0,51610.0,40478.0,56784.0,350896.0,6.8,9.1,1567.0,36.4
2023,35.21,49.35,59.17,66.16,23.63,734.5,1045.0,6.807,65.9,426525.0,305.733,304.703,1420.917,38194.0,54340.0,40357.0,57418.0,360159.0,6.63,8.8,1880.0,41.5
2024,33.49,47.37,57.89,65.84,22.97,767.75,1100.5,6.721,65.625,418975.0,321.353,313.698,1370.0,39923.0,57226.0,40975.0,58734.0,369615.0,6.46,8.6,1912.0,40.1
2025,33.3,46.61,57.4,64.35,24.18,790.0,1138.0,6.595,65.275,415400.0,328.525,321.962,1355.833,41080.0,59176.0,41080.0,59176.0,370097.0,6.25,8.3,1890.0,38.3
